stand,truth,record_variant,visual_variant,visual_confidence
S001,737-200,737-200,737-600,0.47
S002,A318,A318,737-600,0.447
S003,737-200,737-200,737-600,0.751
S004,737-900,737-900,737-600,0.403
S005,737-800,737-800,737-800,0.933
S006,737-300,737-300,737-600,0.572
S007,737-200,737-200,737-600,0.887
S008,737-600,737-600,737-600,0.831
S009,737-300,737-300,737-600,0.545
S010,A319,A319,737-600,0.627
S011,737-400,737-400,737-600,0.533
S012,737-300,737-300,737-300,0.842
S013,737-800,737-800,737-600,0.744
S014,737-700,737-700,737-600,0.515
S015,A320,A320,737-600,0.857
S016,737-700,737-700,737-600,0.842
S017,737-400,737-400,737-600,0.681
S018,737-800,737-800,737-600,0.51
S019,737-900,737-900,737-900,0.594
S020,737-800,737-800,737-600,0.698
S021,737-600,737-200,737-600,0.457
S022,737-600,737-600,737-600,0.547
S023,737-200,737-600,737-600,0.781
S024,737-300,737-300,737-600,0.719
S025,737-400,737-400,737-400,0.931
S026,737-200,737-200,737-600,0.456
S027,737-600,737-600,737-600,0.684
S028,A321,A321,737-600,0.666
S029,A321,737-400,737-600,0.836
S030,737-500,737-500,737-600,0.599
S031,737-700,737-700,737-600,0.461
S032,737-700,737-700,737-600,0.694
S033,A318,A318,737-600,0.83
S034,A319,A319,737-600,0.67
S035,737-900,737-900,737-600,0.604
S036,A321,A321,737-600,0.832
S037,A318,A318,737-600,0.8
S038,A319,A319,737-600,0.611
S039,737-500,737-500,737-500,0.873
S040,737-300,737-300,737-600,0.818
